1,Claudia,Byers,sed@risusodioauctor.com,0796056151
2,Erich,Arnold,dui@Phasellus.co.uk,0495293993
3,Alexis,Hatfield,lacus@augueSed.edu,0797194220
4,Hu,Cruz,Sed.molestie.Sed@leoelementumsem.net,0625864773
5,Mark,Valentine,fringilla@Pellentesquehabitantmorbi.co.uk,0289553432
6,Pamela,Thomas,nunc.risus.varius@ultrices.ca,0171779256
7,Noble,Woodard,dapibus@felisorciadipiscing.org,0755900673
8,Sonia,Reid,imperdiet.nec@et.co.uk,0612319957
9,Jaden,Peterson,Duis.gravida.Praesent@maurisrhoncus.com,0882376246
10,Caryn,Bird,quis.arcu.vel@duiFuscediam.edu,0169257937
11,Fletcher,Melton,quam@erosNam.net,0528776700
12,Shafira,Elliott,Donec@feugiat.edu,0105442404
13,Georgia,Boyer,molestie.sodales@dolordapibus.co.uk,0397897754
14,Tatiana,Cote,erat.eget.ipsum@estacmattis.org,0216179749
15,Zeph,Mckinney,sed@sagittisaugue.edu,0681481952
16,TaShya,Whitley,Vivamus.non.lorem@lobortisquispede.net,0565583769
17,Barclay,Mcleod,Sed.pharetra.felis@IntegerurnaVivamus.net,0518148421
18,Jonah,Ortiz,interdum.Sed.auctor@ultriciessemmagna.com,0579245018
19,Kelly,Rodgers,orci.Phasellus@Integertinciduntaliquam.co.uk,0299757269
20,Raven,Sosa,Maecenas.ornare.egestas@pharetraNam.ca,0270560930
21,Risa,Weiss,nostra.per@scelerisqueduiSuspendisse.edu,0943124763
22,Jordan,Clemons,tellus.eu@erosProinultrices.ca,0341147828
23,Tatiana,Glenn,tristique.ac@risusodio.co.uk,0393076959
24,Libby,Mosley,consectetuer.adipiscing@rutrumjustoPraesent.org,0432074743
25,Tatyana,Mcknight,sem.egestas.blandit@acturpis.edu,0137598555
26,Quyn,Morin,Donec.fringilla.Donec@montesnascetur.com,0574432835
27,Lois,Myers,odio.vel@diam.org,0202697280
28,Clio,Serrano,eu@Fuscemi.ca,0569571056
29,Kuame,Osborn,eget@hendreritid.net,0573927236
30,Barry,Mccullough,felis@congueaaliquet.org,0200846926
31,Yvette,Weiss,Mauris.eu@magnaet.com,0423487729
32,Travis,Welch,porttitor.interdum@pedemalesuadavel.net,0312180276
33,Yoshio,Berger,turpis.Aliquam.adipiscing@libero.co.uk,0491987806
34,Macy,Barr,non@malesuadaIntegerid.ca,0620366284
35,Margaret,Palmer,pharetra@Aenean.co.uk,0169694331
36,Isaiah,Cochran,Nullam.lobortis.quam@ac.edu,0875482272
37,Candace,Holland,est.Nunc@tellusidnunc.org,0494939241
38,Keaton,Knapp,lectus.Cum@consectetueradipiscing.com,0928455284
39,Erica,Kramer,fringilla.mi.lacinia@consequatenimdiam.net,0198796961
40,Vernon,Nguyen,mauris.Suspendisse@consequatlectus.com,0213645935
41,Ali,Richards,molestie@Phasellusornare.org,0631079931
42,Axel,Howard,dui.Cum.sociis@liberomaurisaliquam.net,0520756072
43,Vielka,Crosby,Mauris.quis@interdumSedauctor.co.uk,0712928948
44,Marshall,Jackson,taciti@ametante.net,0806533755
45,Jaden,Richardson,est@massaSuspendisse.org,0559379400
46,Nash,Jordan,dolor.egestas@tinciduntadipiscingMauris.edu,0211883057
47,Mikayla,Moreno,Nullam.scelerisque.neque@erosturpisnon.org,0902881473
48,Aspen,Mitchell,arcu.Curabitur.ut@commodotinciduntnibh.com,0844642500
49,Allen,Delaney,iaculis@ac.net,0981469487
50,Branden,Mcfadden,elit.a.feugiat@amagna.edu,0425305496
51,Jack,Yang,ut@etmagnisdis.com,0801174552
52,Elmo,Berry,nec.cursus@dolorNulla.ca,0997329548
53,Cole,Herrera,fringilla.cursus.purus@inaliquet.com,0372666643
54,Laurel,Mitchell,sodales.elit@nullaInteger.edu,0227762360
55,Kareem,Barlow,sit.amet.diam@enim.ca,0528245862
56,Sonya,Stark,arcu@tellusjusto.net,0609915074
57,Ishmael,Kirk,at.pede.Cras@nisimagna.org,0625620472
58,Reuben,Spence,In.mi.pede@mauris.edu,0811758392
59,Alfreda,Marsh,facilisi.Sed.neque@ligulaAenean.ca,0396742111
60,Summer,Hendricks,odio@odiotristiquepharetra.ca,0705569930
61,Malcolm,Mcdonald,Pellentesque@Loremipsumdolor.edu,0796956404
62,Blair,Sawyer,tincidunt.pede.ac@erat.ca,0778719889
63,Lance,Mcneil,Donec@iaculisenim.ca,0236762327
64,Beck,Oneal,dis.parturient.montes@ut.com,0955948606
65,Dara,Hendricks,Sed.eu@ullamcorper.ca,0802813709
66,Caldwell,Sandoval,Suspendisse@facilisis.com,0684529051
67,Kermit,Haley,Ut.semper@ultricesaauctor.ca,0979429365
68,Flynn,Ashley,consectetuer.euismod@pede.com,0136968785
69,Grant,Mccormick,et.magnis@dictummi.ca,0653916586
70,Sharon,Gamble,congue@sociis.edu,0824418508
71,Cameron,Wells,dictum.Proin.eget@aliquetodioEtiam.org,0422273120
72,Orlando,Madden,sem.consequat.nec@montesnascetur.co.uk,0437089454
73,Herman,Williamson,Phasellus.in@Proin.edu,0951329039
74,Kuame,Hall,Nulla.semper.tellus@risusa.co.uk,0219410437
75,Elmo,May,Integer.id@Nuncquisarcu.org,0921519843
76,Kane,Harrell,Donec.non.justo@Fuscealiquamenim.co.uk,0788078656
77,Tatiana,Gomez,arcu.Vestibulum@ultricessitamet.co.uk,0425445788
78,Noelle,Terry,tincidunt.nunc@loremeu.org,0207078527
79,Kylynn,Pate,ac@pede.ca,0753587242
80,Fletcher,Dalton,elit.pede@eulacusQuisque.org,0354646593
81,Samantha,Moran,nec@nuncestmollis.edu,0163308970
82,Whitney,Deleon,eu.nibh@scelerisquemollisPhasellus.co.uk,0717491349
83,Phillip,Mccray,nulla.ante@nullaCras.org,0527214886
84,Guy,Bruce,semper.Nam@orcisem.org,0113974596
85,Hyatt,Mccall,sagittis@Vestibulumanteipsum.edu,0429108131
86,Owen,Armstrong,at@arcu.co.uk,0141169216
87,Stewart,Cabrera,nulla.Donec@Donec.edu,0811253718
88,Nash,Henderson,erat.semper@Morbi.edu,0991740888
89,Inga,Lancaster,nulla.magna@ornare.net,0751645957
90,Wyatt,Mccormick,nibh.Phasellus@etrisusQuisque.org,0520810941
91,Paloma,Conner,quam.elementum@Loremipsumdolor.co.uk,0799431598
92,Uriel,Smith,cursus.luctus@semperet.net,0582243191
93,Aristotle,Fields,consectetuer@malesuadamalesuada.edu,0751035611
94,Cheyenne,Garza,semper.erat.in@iaculisaliquet.net,0414910321
95,Irene,Good,ipsum@Proindolor.ca,0935984735
96,Christine,Alston,id.enim.Curabitur@Duis.net,0553665181
97,Chloe,Beck,a@Phasellusfermentumconvallis.ca,0804612805
98,Shoshana,Miranda,mi.Aliquam@gravidaPraesenteu.edu,0769402133
99,Tana,Padilla,posuere.vulputate@urnaVivamusmolestie.net,0327730466
100,Xander,Bean,urna@vel.com,0676690468